{
    "loss": 0.09916028380393982,
    "accuracy": 0.9708793759346008
}